song,artist
Sunrise,Norah Jones
Black Night,Deep Purple
Clint Eastwood,Gorillaz
The Pretender,Foo Fighters
Waitin' On A Sunny Day,Bruce Springsteen
The Road Ahead (Miles Of The Unknown),City To City
She Will Be Loved,Maroon 5
Knights of Cydonia,Muse
Mr. Brightside,The Killers
Without Me,Eminem
Love Me Tender,Elvis Presley
Seven Nation Army,The White Stripes
Als Het Golft,De Dijk
I'm going home,Ten Years After
Fluorescent Adolescent,Arctic Monkeys
Zonder Jou,Paul de Leeuw
Speed of Sound,Coldplay
Uninvited,Alanis Morissette
Music,John Miles
Cry Me a River,Justin Timberlake
Fix You,Coldplay
The Cave,Mumford & Sons
Als De Morgen Is Gekomen,Jan Smit
Somebody Told Me,The Killers
Dichterbij Dan Ooit,BLØF
Miracle,Ilse DeLange
Smokers Outside the Hospital Doors,Editors
Cleanin' Out My Closet,Eminem
Der Weg,Herbert Grönemeyer
7 Seconds (feat. Neneh Cherry),Youssou N'Dour
The Scientist,Coldplay
Big Log - 2006 Remaster,Robert Plant
Chasing Pavements,Adele
Don't Know Why,Norah Jones
Tears Dry On Their Own,Amy Winehouse
The Eyes of Jenny,Sandy Coast
Iris,The Goo Goo Dolls
The Saints Are Coming,U2
All My Life,Foo Fighters
De Weg,Guus Meeuwis
Don't Let Me Be Misunderstood,Santa Esmeralda
Traffic - Radio Edit,Tiësto
Take Me Out,Franz Ferdinand
American Idiot,Green Day
Breaking the Habit,Linkin Park
Come Undone,Robbie Williams
Sweet Jane,Lou Reed
Run,Snow Patrol
"You're The First, The Last, My Everything",Barry White
The Day After Tomorrow,Saybia
Just Breathe,Pearl Jam
Dansen Aan Zee,BLØF
Goodbye My Lover,James Blunt
The Unforgiven III,Metallica
Hurt,Christina Aguilera
Grounds for Divorce,Elbow
Sometimes You Can't Make It On Your Own,U2
"Listen (From the Motion Picture ""Dreamgirls"")",Beyoncé
I Want It That Way,Backstreet Boys
Goin To The Run,Golden Earring
De Neus Umhoeg,Rowwen Hèze
Solitary Man,Johnny Cash
Smoorverliefd,Doe Maar
Me Gustas Tu,Manu Chao
Kryptonite,3 Doors Down
Crazy,Seal
Family Portrait,P!nk
In The Army Now,Status Quo
I Surrender,Saybia
Maybe Tomorrow,Stereophonics
Make You Feel My Love,Adele
No One Knows,Queens of the Stone Age
Where Do You Go To (My Lovely) - Re-Recorded,Peter Sarstedt
The Wild Rover,The Dubliners
Little Lion Man,Mumford & Sons
Dirty Diana,Michael Jackson
Ne me quitte pas,Jacques Brel
Sad Man's Tongue,Volbeat
Wat Zou Je Doen - Live,Marco Borsato
One Day Like This,Elbow
Bagagedrager,Spinvis
Wêr Bisto,Twarres
Only Time,Enya
Sorry Seems To Be The Hardest Word,Blue
Self Esteem,The Offspring
Aanzoek Zonder Ringen,BLØF
Modern World,Anouk
Rosie,Claw Boys Claw
This Is Not America - 2002 Remaster,David Bowie
Times Like These,Foo Fighters
De Vondeling Van Ameland,Boudewijn de Groot
I'm Gonna Be (500 Miles),The Proclaimers
Afscheid Nemen Bestaat Niet,Marco Borsato
Blauwe Ruis,BLØF
Limburg - Live,Rowwen Hèze
21 Guns,Green Day
Valerie (feat. Amy Winehouse) - Version Revisited,Mark Ronson
Blaosmuziek,Gé Reinders
Binnen,Marco Borsato
Motorcycle Emptiness,Manic Street Preachers
In the End,Linkin Park
Halt mich,Herbert Grönemeyer
Girl,Anouk
"Trapped - Live at Meadowlands Arena, E. Rutherford, NJ - August 1984",Bruce Springsteen
Ik Wou Dat Ik Jou Was,Veldhuis & Kemper
Empire State of Mind (Part II) Broken Down,Alicia Keys
Numb / Encore,JAY-Z
Ben Ik Te Min,Armand
All Summer Long,Kid Rock
Forever Autumn,Jeff Wayne
Waiting On the World to Change,John Mayer
Everybody's Changing,Keane
How to Save a Life,The Fray
"Bloed, Zweet En Tranen",Andre Hazes
"Lose Yourself - From ""8 Mile"" Soundtrack",Eminem
Europa (Earth's Cry Heaven's Smile),Santana
Feeling Good,Muse
"Harder, Better, Faster, Stronger",Daft Punk
Use Somebody,Kings of Leon
Sweet Disposition,The Temper Trap
Single Ladies (Put a Ring on It),Beyoncé
You're the Voice,John Farnham
Voltooid Verleden Tijd,IOS
Eternal Flame,The Bangles
Papa Was A Rolling Stone,The Temptations
Crazy In Love (feat. Jay-Z),Beyoncé
Best of You,Foo Fighters
Daughters,John Mayer
De wedstrijd,Bram Vermeulen
Papillon,Editors
Sadeness,Enigma
Red Mij Niet - Single Edit,Maarten Van Roozendaal
Love Is A Losing Game,Amy Winehouse
Zij,Marco Borsato
Tribute,Tenacious D
You Know I'm No Good,Amy Winehouse
Talk,Coldplay
Love Is A Battlefield,Pat Benatar
Home,Michael Bublé
Sonne,Rammstein
I Gotta Feeling,The Black Eyed Peas
She Sells Sanctuary,The Cult
Alie,Normaal
Red Red Wine,UB40
A Little Less Conversation - JXL Radio Edit Remix,Elvis Presley
Love You More,Racoon
Old Man,Neil Young
Zij Maakt Het Verschil,De Poema's
I Want To Hold Your Hand - Remastered 2015,The Beatles
Black Magic Woman,Santana
Set The Fire To The Third Bar,Snow Patrol
Ghost Love Score,Nightwish
Going To A Town,Rufus Wainwright
Is Dit Alles,Doe Maar
A Gentleman's Excuse Me,Fish
God Put a Smile upon Your Face,Coldplay
Heartbreak Warfare,John Mayer
Sailing to Philadelphia,Mark Knopfler
Accidentally In Love,Counting Crows
It's Raining Men,The Weather Girls
One Word,Anouk
Goodnight Saigon,Billy Joel
Moonlight Shadow,Mike Oldfield
Zing - Vecht - Huil - Bid - Lach - Werk En Bewonder,Ramses Shaffy
Uprising,Muse
My Immortal,Evanescence
Feel Like Flying,Racoon
Everything,Michael Bublé
Hey There Delilah,Plain White T's
Speeltuin,Marco Borsato
"Comptine d'un autre été, l'après-midi",Yann Tiersen
Sweet Goodbyes,Krezip
The Man Who Can't Be Moved,The Script
"Free Fallin' - Live at the Nokia Theatre, Los Angeles, CA - December 2007",John Mayer
Halo,Beyoncé
Hollereer,De Jeugd Van Tegenwoordig
Hier,BLØF
Ice Queen,Within Temptation
Another 45 Miles,Golden Earring
Like a Hurricane - 2003 Remaster,Neil Young
Father & Friend,Alain Clark
"(I've Had) The Time of My Life - From ""Dirty Dancing"" Soundtrack",Bill Medley
The Blower's Daughter,Damien Rice
Magnificent,U2
Virtual Insanity - Remastered,Jamiroquai
Belle Hélène,Doe Maar
Go With The Flow,Queens of the Stone Age
Sound Of The Screameng Day,Golden Earrings
Plug in Baby,Muse
Heavy Cross,Gossip
Nederwiet,Doe Maar
Heart Of Glass,Blondie
The Real Slim Shady,Eminem
Stuck In A Moment You Can't Get Out Of,U2
Tumble and Fall,JOHAN
Les lacs du Connemara,Michel Sardou
Hier Kom Ik Weg,Daniël Lohues
Starlight,Muse
Dakota,Stereophonics
Time To Say Goodbye (Con Te Partirò),Sarah Brightman
Green Eyes,Coldplay
Silence (feat. Sarah McLachlan) - DJ Tiësto's In Search of Sunrise Edit,Delerium
De Kapitein Deel II,Acda en de Munnik
Supermassive Black Hole,Muse
Pak Maar M'n Hand,Nick & Simon
De Bom,Doe Maar
Bombay,Golden Earring
Mary Jane's Last Dance,Tom Petty and the Heartbreakers
Oerend Hard,Normaal
Society,Eddie Vedder
White Flag,Dido
Heaven Must Be Missing An Angel - Pt. 1,Tavares
Wake Me up When September Ends,Green Day
Can't Stop,Red Hot Chili Peppers
Driving Home for Christmas,Chris Rea
Mutter,Rammstein
Pa,Doe Maar
Blauw,The Scene
Spicks And Specks,Bee Gees
Stan,Eminem
Beautiful,Christina Aguilera
Gravity,John Mayer
Leave the Light On,Beth Hart
Ruthless Queen,Kayak
Everlong - Acoustic Version,Foo Fighters
Here Without You,3 Doors Down
One,Mary J. Blige
Mijn Houten Hart,De Poema's
Mad World (Feat. Michael Andrews),Gary Jules
Sinds 1 Dag Of 2 (32 Jaar),Doe Maar
Feeling Good,Michael Bublé
The Wall Street Shuffle,10cc
Song 2,Blur
I Would Stay,Krezip
Piano Man,Billy Joel
Fireflies,Owl City
Lost,Anouk
Woman,Wolfmother
Where Is The Love?,The Black Eyed Peas
Yellow,Coldplay
This Is The Life,Amy Macdonald
Wicked Game,Chris Isaak
Breakeven,The Script
Not An Addict,K's Choice
So Incredible,Ilse DeLange
Mr Rock & Roll,Amy Macdonald
Will You Be There - Single Version,Michael Jackson
Vlinder,Rowwen Hèze
Cambodia,Kim Wilde
Back To Black,Amy Winehouse
Dochters,Marco Borsato
Hocus Pocus,Focus
Mensch,Herbert Grönemeyer
Amsterdam,Coldplay
Time Is Running Out,Muse
Rain Down on Me,Kane
Denis,Blondie
Hometown Glory,Adele
Live And Let Die - Live,Paul McCartney
I Still Cry,Ilse DeLange
Ren Lenny Ren,Acda en de Munnik
In My Place,Coldplay
Numb,Linkin Park
Slow Dancing in a Burning Room,John Mayer
Empire State Of Mind,JAY-Z
Drops of Jupiter,Train
Omarm,BLØF
(What A) Wonderful World,Sam Cooke
Teardrops,Womack & Womack
The Rising,Bruce Springsteen
Snow (Hey Oh),Red Hot Chili Peppers
I Don't Wanna Hurt,Anouk
Ordinary People,John Legend
Iedereen Is Van De Wereld,The Scene
Gold,Spandau Ballet
All Night Long (All Night) - Single Version,Lionel Richie
Can't Stop Loving You - 2016 Remaster,Phil Collins
City Of Blinding Lights,U2
Munich,Editors
Hey Ya!,OutKast
There Must Be an Angel (Playing with My Heart),Eurythmics
Laat Me / Vivre - Lange Versie,Alderliefste met Ramses Shaffy en Liesbeth List
Watskeburt?!,De Jeugd Van Tegenwoordig
Feel,Robbie Williams
Lady Jane - (Original Single Mono Version),The Rolling Stones
La Isla Bonita,Madonna
Go Like Elijah,Chi Coltrane
Chop Suey!,System Of A Down
Sorry - (Live in Tivoli),Kyteman
Black or White - Single Version,Michael Jackson
Shut Your Eyes,Snow Patrol
Ironic,Alanis Morissette
I Bet You Look Good On The Dancefloor,Arctic Monkeys
Hurt,Johnny Cash
Vogue,Madonna
If I Were a Boy,Beyoncé
Dyna-Mite,Mud
Une Belle Histoire (Een Mooi Verhaal),Alderliefste
Sandstorm - Radio Edit,Darude
Right Next Door (Because Of Me),Robert Cray
Hald Mich 'S Vas,Neet Oét Lottum
Like a Prayer,Madonna
Rockin' All Over The World,Status Quo
Blue Hotel,Chris Isaak
Dear Mr. President,P!nk
Stiekem Gedanst,Toontje Lager
Human,The Killers
Lady Madonna - Remastered 2015,The Beatles
Both Sides Now,Joni Mitchell
God Is a DJ,Faithless
Viva La Vida,Coldplay
Kids,MGMT
Bend & Break,Keane
We Can Work It Out - Remastered 2015,The Beatles
Sing for Absolution,Muse
Superstition - Single Version,Stevie Wonder
Vertigo,U2
By the Way,Red Hot Chili Peppers
Hey Jude,The Beatles
November,Rowwen Hèze
Geef Mij Je Angst,Guus Meeuwis
Stuck In The Middle With You,Stealers Wheel
Het Regent Zonnestralen,Acda en de Munnik
Violet Hill,Coldplay
Dog Days Are Over,Florence + The Machine
Beautiful Day,U2
Major Tom,Peter Schilling
An End Has a Start,Editors
Lost!,Coldplay
What It Is,Mark Knopfler
Blue Monday - 2016 Remaster,New Order
Behind Blue Eyes,Limp Bizkit
Rehab,Amy Winehouse
Bird of Paradise,Snowy White
I'm Yours,Jason Mraz
Onderweg,Abel
Mr. Bojangles - Single Version,Sammy Davis Jr.
Unwritten,Natasha Bedingfield
Resistance,Muse
Bedshaped,Keane
Mia,Gorki
You Oughta Know,Alanis Morissette
Overcome,Live
Stand My Ground,Within Temptation
Chasing Cars,Snow Patrol
Dani California,Red Hot Chili Peppers
Unfinished Sympathy,Massive Attack
Nine Million Bicycles,Katie Melua
You're Beautiful,James Blunt
It's My Life,Bon Jovi
Politik,Coldplay
Mooie Dag,BLØF
In Nije Dei,De Kast
Sex on Fire,Kings of Leon
Hallelujah,Lisa Lois
Somewhere Only We Know,Keane
Sunrise,Simply Red
How You Remind Me,Nickelback
When You Say Nothing At All,Ronan Keating
Hard Sun,Eddie Vedder
Belfast Child,Simple Minds
Feel Good Inc.,Gorillaz
Alles Is Liefde,BLØF
Jerusalem,Anouk
Mr Bojangles,Robbie Williams
Tranen Gelachen,Guus Meeuwis
When The Sun Goes Down,Arctic Monkeys
Frozen,Madonna
The Racing Rats,Editors
Poker Face,Lady Gaga
Life in Technicolor ii,Coldplay
One,Johnny Cash
Ruby,Kaiser Chiefs
Het Land Van,Lange Frans
Bad Romance,Lady Gaga
Elevation,U2
Trouble,Coldplay
De Peel In Brand,Rowwen Hèze
Black Betty,Ram Jam
Wrong,Novastar
Never Be Clever,Herman Brood & His Wild Romance
Undisclosed Desires,Muse
Auto Vliegtuug,Rowwen Hèze
Meer Dan Een Ander,Van Dik Hout
Brabant,Guus Meeuwis
Mother Earth,Within Temptation
One More Time,Daft Punk
(You're The) Devil in Disguise,Elvis Presley
TRUE - Single Edit,Spandau Ballet
Make It Wit Chu,Queens of the Stone Age
Bring Me To Life,Evanescence
Clocks,Coldplay
Farewell To The Fairground,White Lies
Bliss,Muse
Kijk Omhoog,Nick & Simon
9 Crimes,Damien Rice
Working On a Dream,Bruce Springsteen
Nutbush City Limits,Ike & Tina Turner
Do They Know It's Christmas? - 1984 Version,Band Aid
Changes,2Pac
Mag Ik Dan Bij Jou,Claudia De Breij
Sterrenstof,De Jeugd Van Tegenwoordig
Love Will Tear Us Apart - 2010 Remaster,Joy Division
Mag Het Licht Uit,De Dijk
Why Tell Me Why,Anita Meyer
Wonderful Days,Charly Lownoise
Dat Komt Door Jou,Guus Meeuwis
Don't Give up the Fight,Racoon
I Follow Rivers - Live @ Giel!,Triggerfinger
Liverpool Rain,Racoon
No Mercy,Racoon
Peter Gunn Theme,"Emerson, Lake & Palmer"
Alors on danse,Stromae
The Eve of the War,Jeff Wayne
A Night Like This,Caro Emerald
Raise Your Glass,P!nk
Verdammt ich lieb dich - Remastered,Matthias Reim
Christmas Lights,Coldplay
The Promise You Made,Cock Robin
Back Home,Golden Earring
Times Are Changing,DI-RECT
Proosten,Guus Meeuwis
Just the Way You Are,Bruno Mars
Need You Now,Lady Antebellum
Man Down,Rihanna
Pyro,Kings of Leon
You Got It,Roy Orbison
Atmosphere - 2010 Remaster,Joy Division
Grenade,Bruno Mars
Have You Ever Been Mellow,Party Animals
Back Down South,Kings of Leon
Riverside,Agnes Obel
Hold On Tight,Solomon Burke
Someone Like You,Adele
Set Fire to the Rain,Adele
Rainbow In The Sky - K & A's Radio Blast,DJ Paul Elstak
Levels,Avicii
Somebody That I Used To Know,Gotye
Paradise,Coldplay
Rood,Marco Borsato
A Boy Named Sue (Live),Johnny Cash
Still Loving You,Scorpions
Little Black Submarines,The Black Keys
Walk,Foo Fighters
The A Team,Ed Sheeran
kom terug,Spinvis
Prachtig mooie dag,Daniël Lohues
lippy kids,Elbow
Titanium (feat. Sia),David Guetta
Faster,Within Temptation
Lonely Boy,The Black Keys
Turning Tables,Adele
Luv U More - K&A's Radio blast,DJ Paul
Kan Ik Iets Voor Je Doen,De Dijk
Driver's Seat,Sniff 'n' The Tears
Zing Voor Me,Lange Frans
Every Teardrop Is a Waterfall,Coldplay
Waarom Nou Jij,Marco Borsato
Mijn Vlakke Land,Jacques Brel
Rumour Has It,Adele
Keep Your Head Up,Ben Howard
Pumped Up Kicks,Foster The People
Happiness,Jonathan Jeremiah
Give Me Love,Ed Sheeran
Gold on the Ceiling,The Black Keys
Ni**as In Paris,JAY-Z
Run the World (Girls),Beyoncé
I Won' T Let You Down,Road Band
Love On Top,Beyoncé
Lego House,Ed Sheeran
Skinny Love,Birdy
Dust Bowl,Joe Bonamassa
Damn Those Eyes,Kane
These Days,Foo Fighters
Original Sin,INXS
Terug Naar De Kust,Maggie MacNeal
Georgia on My Mind,Ray Charles
Charlie Brown,Coldplay
I've Just Lost Somebody,Golden Earring
Skyfall - Full Length,Adele
Zo Stil,BLØF
Holiday In Spain,Counting Crows
Radioactive,Imagine Dragons
Video Games - Remastered,Lana Del Rey
Demons,Imagine Dragons
She,Elvis Costello
Just Give Me a Reason (feat. Nate Ruess),P!nk
Try,P!nk
I Will Wait,Mumford & Sons
Home Again,Kensington
Tubular Bells,Mike Oldfield
Winter,Tori Amos
Droomland,Andre Hazes
Wat Zou Je Doen?,BLØF
Madness,Muse
Sovereign Light Café,Keane
Can't Hold Us - feat. Ray Dalton,Macklemore & Ryan Lewis
Lover of the Light,Mumford & Sons
San Quentin,Johnny Cash
On Top Of The World,Imagine Dragons
Flappie,Youp van 't Hek
Home Again,Michael Kiwanuka
If You Could See Me Now,The Script
Hall of Fame,The Script
Dodenrit,Drs. P
When I Was Your Man,Bruno Mars
I Won't Give Up,Jason Mraz
Slapeloze Nachten,The Opposites
One Moment in Time,Whitney Houston
Zaterdag,BLØF
Babel,Mumford & Sons
Hopeless Wanderer,Mumford & Sons
Follow the Sun,Xavier Rudd
Later Als Ik Groter Ben,BLØF
Clown,Emeli Sandé
Stay - Album Version (Edited),Rihanna
Diamonds,Rihanna
It's Time,Imagine Dragons
Little Talks,Of Monsters and Men
Euphoria,Loreen
Oceaan,Racoon
Lola Montez,Volbeat
Wake Me Up,Avicii
Formidable,Stromae
Do I Wanna Know?,Arctic Monkeys
Another Love,Tom Odell
Hey Brother,Avicii
I See Fire,Ed Sheeran
This Is What It Feels Like,Armin van Buuren
All of Me,John Legend
Dansen Op De Vulkaan,De Dijk
Witch Doctor,De Staat
Diamonds,The Boxer Rebellion
Let Her Go,Passenger
Papaoutai,Stromae
Strong,London Grammar
Layla,Derek & The Dominos
Pompeii,Bastille
Waves,Mr. Probz
Get Lucky (feat. Pharrell Williams & Nile Rodgers) - Radio Edit,Daft Punk
All I Want,Kodaline
Addicted To You,Avicii
Animals,Martin Garrix
Just Say Yes,Snow Patrol
Watermensen,3JS
Sky and Sand,Paul Kalkbrenner
The Monster,Eminem
Mirrors,Justin Timberlake
Story of My Life,One Direction
Royals,Lorde
tous les mêmes,Stromae
Mijn Van Straat Geredde Roos,De Dijk
Love You Like I Love Myself,Herman Brood & His Wild Romance
I Sat By The Ocean,Queens of the Stone Age
Everybody (Backstreet's Back) - Radio Edit,Backstreet Boys
A Ton of Love,Editors
Foolish Games,Jewel
Grow Old with Me,Tom Odell
Things We Lost In The Fire,Bastille
Blurred Lines,Robin Thicke
The Road To Mandalay,Robbie Williams
Iron Sky,Paolo Nutini
A Sky Full of Stars,Coldplay
Rolling In The Deep,Adele
Streets,Kensington
Thinking out Loud,Ed Sheeran
Take Me to Church,Hozier
Une belle histoire,Michel Fugain
In Your Arms,Chef'Special
Born Slippy (Nuxx),Underworld
War,Kensington
Op 't platteland,Daniël Lohues
"Happy - From ""Despicable Me 2""",Pharrell Williams
Calm After The Storm,The Common Linnets
Riddles,Kensington
Under The Pressure,The War On Drugs
Magic,Coldplay
Photograph,Ed Sheeran
All For Nothing,Kensington
My Silver Lining,First Aid Kit
Zandloper,Typhoon
Home,Dotan
Red Eyes,The War On Drugs
L'amour Toujours (Small Mix),Gigi D'Agostino
"See Me, Feel Me - Single Version",The Who
Hemel Valt,Typhoon
Glycerine,Bush
Wit Licht,Jeroen van Koningsbrugge
Yellow Submarine,The Beatles
California Love,2Pac
Superheroes,The Script
Stay With Me,Sam Smith
Shake It Off,Taylor Swift
Looking Too Closely,Fink
No Good in Goodbye,The Script
Counting Stars,OneRepublic
Time After Time,Cyndi Lauper
Sexy Als Ik Dans,Nielson
Done With It,Kensington
Love Never Felt So Good,Michael Jackson
Shut Up and Dance,WALK THE MOON
Nothing Really Matters,Mr. Probz
Promises of No Man's Land,Blaudzun
Let It Go,James Bay
The Sound of Silence,Disturbed
Het Dorp - Live,Wim Sonneveld
Psycho,Muse
Élan,Nightwish
Dat Ik Je Mis,Maaike Ouboter
Heading Up High,Armin van Buuren
Zeg Maar Niets Meer - Remastered,Andre Hazes
Chandelier,Sia
Uptown Funk,Mark Ronson
Birds,Anouk
Michel,Anouk
Let It Happen,Tame Impala
Everglow,Coldplay
The Less I Know The Better,Tame Impala
Ordinary Love,U2
Stressed Out,Twenty One Pilots
For Bitter Or Worse,Anouk
All I Need - Edit,Air
Hymn for the Weekend,Coldplay
Adventure of a Lifetime,Coldplay
Three Days In A Row,Anouk
Moondance,Van Morrison
R U Kiddin' Me,Anouk
"Theme From New York, New York",Frank Sinatra
Hold Me,Douwe Bob
Budapest,George Ezra
Shoes of Lightning,Racoon
Mercy,Muse
Tennessee Whiskey,Chris Stapleton
"Oxygene, Pt. 4",Jean-Michel Jarre
A Head Full of Dreams,Coldplay
We Come 1 - Radio Edit,Faithless
Forever Man - 2015 Remaster,Eric Clapton
Down Man,Brainbox
Liquid Spirit - Claptone Remix,Gregory Porter
Living Doll - 2003 Remaster,Cliff Richard & The Drifters
Ocean of Night,Editors
Be the One,Dua Lipa
Up&Up,Coldplay
Ship To Wreck,Florence + The Machine
Love Yourself,Justin Bieber
Happy Xmas (War Is Over),John Lennon
Sorry,Kensington
Cold Little Heart,Michael Kiwanuka
Barcelona,Freddie Mercury
Leef,André Hazes Jr.
Hello,Adele
Against All Odds (Take a Look at Me Now) - 2016 Remaster,Phil Collins
Treur Niet (Ode Aan Het Leven),Diggy Dex
When We Were Young,Adele
Do I Ever,Kensington
"CAN'T STOP THE FEELING! (Original Song from DreamWorks Animation's ""TROLLS"")",Justin Timberlake
Whatever You Want,Status Quo
Lazarus,David Bowie
Million Years Ago,Adele
Dark Necessities,Red Hot Chili Peppers
You Want It Darker,Leonard Cohen
Bridges,Kensington
Once Upon a Time in the West - Main Theme,Ennio Morricone
Mooi,Marco Borsato
I Just Can't Help Believin',Elvis Presley
Love & Hate,Michael Kiwanuka
New Gold Dream (81/82/83/84),Simple Minds
Disco Inferno,The Trammps
Someone Somewhere (In Summertime),Simple Minds
24K Magic,Bruno Mars
Blackstar,David Bowie
Water Under the Bridge,Adele
All I Ask,Adele
The Life I Live,Q'65
We All Stand Together - Remastered 2016,Paul McCartney
Heathens,Twenty One Pilots
Jacob’s Song,Douwe Bob
Way Down We Go,KALEO
7 Years,Lukas Graham
Forbidden Colours,Ryuichi Sakamoto
The Book Of Love,Gavin James
Zoutelande - feat. Geike,BLØF
Pokémon Theme-New Studio Recording,Jason Paige
Perfect,Ed Sheeran
Thriller,Michael Jackson
Boulevard of Broken Dreams,Green Day
What About Us,P!nk
Shape of You,Ed Sheeran
Believer,Imagine Dragons
Human,Rag'n'Bone Man
Het het nog nooit zo donker west,Ede Staal
Castle on the Hill,Ed Sheeran
Sign of the Times,Harry Styles
In the Blood,John Mayer
Nao ’t Zuuje,Lex Uiting
"Roll Over Lay Down - Live At The Kursaal, Southend / 1975",Status Quo
Whatever It Takes,Imagine Dragons
Amigo,Chef'Special
Iederene Hef Een Reden,Bökkers
Everything Now,Arcade Fire
Sorry,Nothing But Thieves
One More Light,Linkin Park
Through the Barricades - Remastered,Spandau Ballet
Freedom! '90 - Remastered,George Michael
Amsterdam,Nothing But Thieves
Something Just Like This,The Chainsmokers
Thunder,Imagine Dragons
Thinking Of A Place,The War On Drugs
Happier,Ed Sheeran
Galway Girl,Ed Sheeran
Sunny Days,Armin van Buuren
Supermarket Flowers,Ed Sheeran
Holiday,Green Day
Max,Paolo Conte
Rapper's Delight,The Sugarhill Gang
Pain,The War On Drugs
Love On The Rocks,Neil Diamond
Tuesday Afternoon (Forever Afternoon),The Moody Blues
Magnificent (She Says),Elbow
Nicotine,Chef'Special
Homesick,Dua Lipa
Beautiful Trauma,P!nk
World Gone Mad,Bastille
Leave a Light On,Tom Walker
Skin,Rag'n'Bone Man
Lost on You,LP
Shallow,Lady Gaga
Kleine Jongen,Andre Hazes
Duurt Te Lang,Davina Michelle
I Want To Break Free,Queen
September,"Earth, Wind & Fire"
Voor Haar,Frans Halsema
Testament,Boudewijn de Groot
Atemlos durch die Nacht,Helene Fischer
Zij Gelooft In Mij,Andre Hazes
Verdronken Vlinder,Boudewijn de Groot
Als Het Avond Is,Suzan & Freek
De Vlieger,Andre Hazes
Geef Mij Je Angst,Andre Hazes
Natural,Imagine Dragons
IJskoud,Nielson
Welterusten Mijnheer De President,Boudewijn de Groot
Jimmy,Boudewijn de Groot
Bad Liar,Imagine Dragons
Sammy,Ramses Shaffy
High Hopes,Panic! At The Disco
Het Land Van Maas En Waal,Boudewijn de Groot
Shotgun,George Ezra
New Light,John Mayer
You Say,Lauren Daigle
Een Beetje Verliefd,Andre Hazes
Someone You Loved,Lewis Capaldi
Banger Hart - Radio Mix,Rob De Nijs
Malle Babbe,Rob De Nijs
Vluchten Kan Niet Meer,Frans Halsema
Faded,Alan Walker
High On Life (feat. Bonn),Martin Garrix
Het Is Koud Zonder Jou,Andre Hazes
N Vriend,Andre Hazes
Always Remember Us This Way,Lady Gaga
Een Meisje Van Zestien,Boudewijn de Groot
Why Don't You Do Right,Beth Hart
De Zon Op,Diggy Dex
Youngblood,5 Seconds of Summer
Prikkebeen,Boudewijn de Groot
Outlaw In 'Em,Waylon
Als De Rook Om Je Hoofd Is Verdwenen,Boudewijn de Groot
Skandal im Sperrbezirk,Spider Murphy Gang
Pain and Misery,The Teskey Brothers
I Do,Douwe Bob
Het Laatste Rondje - Remastered,Andre Hazes
Guiding Light,Mumford & Sons
Havana (feat. Young Thug),Camila Cabello
Hou Vol Hou Vast,BLØF
One Kiss (with Dua Lipa),Calvin Harris
Nothing Breaks Like a Heart (feat. Miley Cyrus),Mark Ronson
Lay Your Weapons Down,Ilse DeLange
In My Blood,Shawn Mendes
Roller Coaster,Danny Vera
Arcade,Duncan Laurence
A Whiter Shade of Pale - Original Single Version,Procol Harum
Don't You (Forget About Me),Simple Minds
The Load-Out - Remastered,Jackson Browne
Stay - Remastered,Jackson Browne
Last Christmas,Wham!
Time To Give,White Lies
bad guy,Billie Eilish
Memories,Maroon 5
Love Like Blood,Killing Joke
Reünie,Snelle
About A Girl - Live Version,Nirvana
DEUTSCHLAND,Rammstein
Phantom Of The Opera,Floor Jansen
Dance Monkey,Tones and I
Blauwe Dag,Suzan & Freek
Homburg - Single Version - 2009 Remaster - Mono,Procol Harum
Uncharted,Kensington
Despacito,Luis Fonsi
Dancing On My Own,Calum Scott
Child in Time,Deep Purple
Let It Be - Remastered 2009,The Beatles
Bridge Over Troubled Water,Simon & Garfunkel
Paranoid - 2016 Remaster,Black Sabbath
Have You Ever Seen The Rain,Creedence Clearwater Revival
Your Song,Elton John
The Boxer,Simon & Garfunkel
Du,Peter Maffay
I Walk the Line,Johnny Cash
Samba Pa Ti,Santana
Immigrant Song - Remaster,Led Zeppelin
Who'll Stop The Rain,Creedence Clearwater Revival
Our House,"Crosby, Stills, Nash & Young"
Teach Your Children,"Crosby, Stills, Nash & Young"
The Long And Winding Road - Remastered 2009,The Beatles
Father And Son,Yusuf / Cat Stevens
Almost Cut My Hair,"Crosby, Stills, Nash & Young"
El Condor Pasa (If I Could),Simon & Garfunkel
Question,The Moody Blues
I Heard It Through The Grapevine,Creedence Clearwater Revival
Since I've Been Loving You - 1990 Remaster,Led Zeppelin
Get Back - Remastered 2009,The Beatles
The Man Who Sold the World - 2015 Remaster,David Bowie
Long As I Can See The Light,Creedence Clearwater Revival
Roadhouse Blues,The Doors
My Sweet Lord,George Harrison
Memories,Earth & Fire
Cecilia,Simon & Garfunkel
Fire and Rain,James Taylor
Lookin' Out My Back Door,Creedence Clearwater Revival
25 or 6 to 4 - 2002 Remaster,Chicago
Working Class Hero - Remastered 2010 / Lennon Legend Version,John Lennon
Lucky Man - 2012 Remastered Version,"Emerson, Lake & Palmer"
Into the Mystic - 2013 Remaster,Van Morrison
Carry On,"Crosby, Stills, Nash & Young"
(They Long To Be) Close To You,Carpenters
Move On Up,Curtis Mayfield
Tears In The Morning - Remastered 2009,The Beach Boys
Up Around The Bend,Creedence Clearwater Revival
Southern Man - 2009 Remaster,Neil Young
Stairway to Heaven - Remaster,Led Zeppelin
Imagine - Remastered,John Lennon
Riders on the Storm,The Doors
Echoes,Pink Floyd
Vincent,Don McLean
Me and Bobby McGee,Janis Joplin
Baba O'Riley,The Who
Life on Mars? - 2015 Remaster,David Bowie
I Am...I Said - Single Version,Neil Diamond
Ain't No Sunshine,Bill Withers
Wild Horses,The Rolling Stones
L.A. Woman,The Doors
What's Going On,Marvin Gaye
Halo of Flies,Alice Cooper
American Pie,Don McLean
Tiny Dancer,Elton John
Morning Has Broken,Yusuf / Cat Stevens
One Way Wind,The Cats
One of These Days,Pink Floyd
Nothing Rhymed,Gilbert O'Sullivan
Brown Sugar - Remastered,The Rolling Stones
You've Got a Friend,Carole King
Locomotive Breath,Jethro Tull
She Flies On Strange Wings,Golden Earring
Changes - 2015 Remaster,David Bowie
Mercedes Benz,Janis Joplin
Honky Tonk Women - Mono Version,The Rolling Stones
You've Got a Friend,James Taylor
Cry Baby,Janis Joplin
Storm And Thunder,Earth & Fire
Roundabout - 2003 Remaster,Yes
Maggie May,Rod Stewart
Won't Get Fooled Again - Original Album Version,The Who
After Midnight,J.J. Cale
Give Up Your Guns,The Buoys
Love Her Madly,The Doors
Rock and Roll - Remaster,Led Zeppelin
Black Dog - Remaster,Led Zeppelin
Call Me The Breeze,J.J. Cale
Famous Blue Raincoat,Leonard Cohen
Behind Blue Eyes,The Who
Yours Is No Disgrace - 2003 Remaster,Yes
See Emily Play,Pink Floyd
Smoke on the Water,Deep Purple
Perfect Day,Lou Reed
"Rocket Man (I Think It's Going To Be A Long, Long Time)",Elton John
Heart of Gold - 2009 Remaster,Neil Young
Starman - 2012 Remaster,David Bowie
Take It Easy - 2013 Remaster,Eagles
A Horse with No Name,America
Time In A Bottle,Jim Croce
Lola - Live,The Kinks
Easy Livin',Uriah Heep
Ben - Single Version,Michael Jackson
Walk On the Wild Side,Lou Reed
She's A Rainbow - Full Version / With Intro,The Rolling Stones
You're so Vain,Carly Simon
Ziggy Stardust - 2012 Remaster,David Bowie
Whiskey In The Jar,Thin Lizzy
Listen to the Music,The Doobie Brothers
Top Of The World,Carpenters
School's Out,Alice Cooper
A Thing Called Love,Johnny Cash
Harvest - 2009 Remaster,Neil Young
Sylvia's Mother,Dr. Hook
"Close to the Edge (i. The Solid Time of Change, ii. Total Mass Retain, iii. I Get up I Get Down, iv. Seasons of Man) - 2003 Remaster",Yes
Ventura Highway,America
Witchy Woman - Eagles 2013 Remaster,Eagles
Song Sung Blue - Single Version,Neil Diamond
Sylvia,Focus
Peaceful Easy Feeling - Eagles 2013 Remaster,Eagles
Do It Again,Steely Dan
Radar Love,Golden Earring
Angie,The Rolling Stones
Desperado - 2013 Remaster,Eagles
Dream On,Aerosmith
Time,Pink Floyd
Free Bird,Lynyrd Skynyrd
Money,Pink Floyd
Always On My Mind,Elvis Presley
The Great Gig in the Sky,Pink Floyd
La Grange - 2005 Remaster,ZZ Top
"Leaving, On a Jet Plane - ""Greatest Hits"" Version",John Denver
Us and Them,Pink Floyd
Firth of Fifth - New Stereo Mix,Genesis
Band On The Run - Remastered 2010,Paul McCartney
Sebastian - 2012 Remaster,Steve Harley & Cockney Rebel
Tequila Sunrise - 2013 Remaster,Eagles
Knockin' On Heaven's Door - Remastered,Bob Dylan
Burning Love,Elvis Presley
Goodbye Yellow Brick Road - Remastered 2014,Elton John
Midnight Train to Georgia,Gladys Knight & The Pips
Daniel,Elton John
The Joker,Steve Miller Band
Long Train Runnin',The Doobie Brothers
I'll Have To Say I Love You In A Song,Jim Croce
The Jean Genie - 2013 Remaster,David Bowie
Merry Xmas Everybody,Slade
Woman from Tokyo,Deep Purple
Don't Let Me Down - Remastered 2009,The Beatles
Let's Get It On,Marvin Gaye
School,Supertramp
Jolene,Dolly Parton
Killer Queen - 2011 Mix,Queen
Sweet Home Alabama,Lynyrd Skynyrd
Waterloo,ABBA
Annie's Song,John Denver
Dreamer,Supertramp
You Are So Beautiful,Joe Cocker
My Boy,Elvis Presley
Rebel Rebel - 2016 Remaster,David Bowie
Crime Of The Century,Supertramp
Autobahn - 2009 Remaster,Kraftwerk
I Will Always Love You,Dolly Parton
Thank God I'm a Country Boy,John Denver
The Air That I Breathe - 2008 Remaster,The Hollies
Love Is All,Roger Glover
Hide In Your Shell,Supertramp
Gute Nacht Freunde,Reinhard Mey
Fox On The Run,Sweet
You Ain't Seen Nothing Yet,Bachman-Turner Overdrive
Mandy,Barry Manilow
Can't Get It out of My Head,Electric Light Orchestra
The Way We Were,Barbra Streisand
Bohemian Rhapsody - 2011 Mix,Queen
Love Of My Life - Remastered 2011,Queen
Shine On You Crazy Diamond (Pts. 1-5),Pink Floyd
Born to Run,Bruce Springsteen
Kashmir - 1990 Remaster,Led Zeppelin
"No Woman, No Cry - Live At The Lyceum, London/1975",Bob Marley & The Wailers
One of These Nights - 2013 Remaster,Eagles
Mamma Mia,ABBA
Landslide,Fleetwood Mac
Thunder Road,Bruce Springsteen
I'm Not In Love,10cc
Rhiannon,Fleetwood Mac
Lyin' Eyes - 2013 Remaster,Eagles
You're My Best Friend - Remastered 2011,Queen
Jungleland,Bruce Springsteen
Love Hurts,Nazareth
Down Down,Status Quo
Sailing,Rod Stewart
39 - 2011 Mix,Queen
Calypso,John Denver
50 Ways to Leave Your Lover,Paul Simon
It's A Long Way There - 2010 Digital Remaster,Little River Band
Crazy On You,Heart
Wij Zullen Doorgaan - 1975 Single Version,Ramses Shaffy
Make Me Smile (Come up and See Me) - 2014 Remaster,Steve Harley
House For Sale,Lucifer
S.O.S.,ABBA
Nights On Broadway,Bee Gees
At Seventeen - Remastered,Janis Ian
Take It to the Limit - 2013 Remaster,Eagles
Fame - 2016 Remaster,David Bowie
Sex Machine - Pt. 1 & 2,James Brown
Show Me The Way,Peter Frampton
Meeting Across the River,Bruce Springsteen
Love Is The Drug,Roxy Music
Still Crazy After All These Years,Paul Simon
Hotel California - 2013 Remaster,Eagles
Somebody To Love - 2011 Mix,Queen
Dancing Queen,ABBA
The Last Resort - 2013 Remaster,Eagles
Hurricane,Bob Dylan
More Than a Feeling,Boston
(Don't Fear) The Reaper,Blue Öyster Cult
New Kid in Town - 2013 Remaster,Eagles
If You Leave Me Now,Chicago
Wild Is the Wind - 2016 Remaster,David Bowie
Tie Your Mother Down - Remastered 2011,Queen
Fernando,ABBA
"Knowing Me, Knowing You",ABBA
Fool To Cry - Remastered 2009,The Rolling Stones
Carry on Wayward Son,Kansas
New York State of Mind,Billy Joel
Golden Years - 2016 Remaster,David Bowie
Isn't She Lovely,Stevie Wonder
I Wish,Stevie Wonder
Tom Traubert's Blues (Four Sheets To The Wind In Copenhagen),Tom Waits
The Boys Are Back In Town,Thin Lizzy
Livin' Thing,Electric Light Orchestra
Sir Duke,Stevie Wonder
Blitzkrieg Bop - 2016 Remaster,Ramones
Fly Like An Eagle,Steve Miller Band
Blinded By The Light,Manfred Mann's Earth Band
Cocaine,J.J. Cale
The Ballroom Blitz,Sweet
"Money, Money, Money",ABBA
Wasted Time - 2013 Remaster,Eagles
Theme From Mahogany (Do You Know Where You're Going To) - Single Version,Diana Ross
Heroes - 2017 Remaster,David Bowie
Paradise By the Dashboard Light,Meat Loaf
Go Your Own Way - 2004 Remaster,Fleetwood Mac
Mr. Blue Sky,Electric Light Orchestra
Fool's Overture,Supertramp
Whole Lotta Rosie,AC/DC
We Will Rock You - Remastered,Queen
The Chain - 2004 Remaster,Fleetwood Mac
Three Little Birds,Bob Marley & The Wailers
We Are The Champions - Remastered 2011,Queen
She's Always a Woman,Billy Joel
Worn Down Piano,The Mark & Clark Band
Dust in the Wind,Kansas
Bat Out of Hell,Meat Loaf
Solsbury Hill,Peter Gabriel
Thank You For The Music,ABBA
Wonderful Tonight,Eric Clapton
Lust For Life,Iggy Pop
She's Not There,Santana
Stayin' Alive,Bee Gees
Psycho Killer - 2005 Remaster,Talking Heads
Fantasy,"Earth, Wind & Fire"
Songbird - 2004 Remaster,Fleetwood Mac
Let There Be Rock,AC/DC
Don't Stop - 2004 Remaster,Fleetwood Mac
I Feel Love,Donna Summer
The Passenger,Iggy Pop
Het Werd Zomer,Rob De Nijs
Take A Chance On Me,ABBA
Give A Little Bit,Supertramp
Sound and Vision - 2017 Remaster,David Bowie
Spread Your Wings - 2011 Mix,Queen
You Took The Words Right Out of My Mouth (Hot Summer Night),Meat Loaf
Two Out of Three Ain't Bad,Meat Loaf
Cocaine,Eric Clapton
Barracuda,Heart
One Love / People Get Ready - Medley,Bob Marley & The Wailers
Cold as Ice,Foreigner
The Name Of The Game,ABBA
Mannish Boy,Muddy Waters
I Want You to Want Me,Cheap Trick
Scenes from an Italian Restaurant,Billy Joel
God Save the Queen,Sex Pistols
La vie en rose,Grace Jones
Spanish Stroll,Mink DeVille
Le Freak - 2018 Remaster,CHIC
Lovely Day,Bill Withers
Isn't It Time,The Babys
Just the Way You Are,Billy Joel
Anarchy in the U.K.,Sex Pistols
You Make Loving Fun - 2004 Remaster,Fleetwood Mac
Sultans of Swing,Dire Straits
Don't Stop Me Now - 2011 Mix,Queen
Laat Me,Ramses Shaffy
Wuthering Heights,Kate Bush
Saturday Night,Herman Brood & His Wild Romance
Roxanne,The Police
Hold the Line,TOTO
The Man with the Child in His Eyes,Kate Bush
Badlands,Bruce Springsteen
Baker Street,Gerry Rafferty
Dreadlock Holiday,10cc
Fat Bottomed Girls - Single Version,Queen
Runnin' with the Devil - 2015 Remaster,Van Halen
Bicycle Race - Remastered 2011,Queen
Follow You Follow Me - 2007 Remaster,Genesis
So Lonely,The Police
How You Gonna See Me Now,Alice Cooper
Miss You - Remastered,The Rolling Stones
"Stir It Up - Live At The Pavillon De Paris, 1977",Bob Marley & The Wailers
Is This Love,Bob Marley & The Wailers
Because the Night,Patti Smith
What a Fool Believes,The Doobie Brothers
Still Believe,Herman Brood & His Wild Romance
Rivers of Babylon,Boney M.
Don't Look Back,Boston
Beast Of Burden - Remastered,The Rolling Stones
Honesty,Billy Joel
Born to Be Alive - Original Mix 79,Patrick Hernandez
Fire,The Pointer Sisters
You Don't Bring Me Flowers,Neil Diamond
Water of Love,Dire Straits
Comfortably Numb,Pink Floyd
Highway to Hell,AC/DC
"Another Brick in the Wall, Pt. 2",Pink Floyd
The Rose,Bette Midler
The Logical Song - Remastered 2010,Supertramp
I Was Made For Lovin' You,KISS
Gimme! Gimme! Gimme! (A Man After Midnight),ABBA
Message In A Bottle,The Police
Hey You,Pink Floyd
One Step Beyond,Madness
Chiquitita,ABBA
Does Your Mother Know,ABBA
How Deep Is Your Love,Bee Gees
Bright Eyes,Art Garfunkel
Take The Long Way Home - 2010 Remastered,Supertramp
Breakfast In America - Remastered,Supertramp
I Have A Dream,ABBA
Boogie Wonderland,"Earth, Wind & Fire"
Boys Don't Cry - Single Version,The Cure
Voulez-Vous,ABBA
September Morn,Neil Diamond
MacArthur Park - Single Version,Donna Summer
Don't Stop 'Til You Get Enough - Single Version,Michael Jackson
London Calling - Remastered,The Clash
Night Boat to Cairo,Madness
Goodbye Stranger - 2010 Remastered,Supertramp
Walking On The Moon,The Police
Don't Bring Me Down,Electric Light Orchestra
Tragedy,Bee Gees
Off the Wall,Michael Jackson
The Worker,Fischer-Z
Sure Know Something,KISS
Relight My Fire - Single Version,Dan Hartman
Weekend Love,Golden Earring
"More Than A Woman - From ""Saturday Night Fever"" Soundtrack",Bee Gees
Rock with You - Single Version,Michael Jackson
Weekend,Earth & Fire
Dancin' Fool,Frank Zappa
We Belong to the Night,Ellen Foley
Sausolito Summernight - Digitally Remastered 2017,Diesel
The River,Bruce Springsteen
A Forest - Remastered Version,The Cure
The Winner Takes It All,ABBA
Ace of Spades,Motörhead
Another One Bites The Dust - Remastered 2011,Queen
Back In Black,AC/DC
Romeo and Juliet,Dire Straits
Redemption Song,Bob Marley & The Wailers
You Shook Me All Night Long,AC/DC
Crazy Little Thing Called Love - Remastered 2011,Queen
Lay All Your Love On Me,ABBA
Long Blond Animal,Golden Earring
Think,The Blues Brothers
Once in a Lifetime - 2005 Remaster,Talking Heads
The Turn of a Friendly Card,The Alan Parsons Project
So Long,Fischer-Z
Tunnel of Love (Intro: The Carousel Waltz),Dire Straits
Happy New Year,ABBA
Ashes to Ashes - 2017 Remaster,David Bowie
Foto Van Vroeger,Rob De Nijs
Could You Be Loved,Bob Marley & The Wailers
9 to 5,Dolly Parton
Everybody Needs Somebody to Love,The Blues Brothers
Super Trouper,ABBA
Save Me - Remastered 2011,Queen
Keep on Loving You,REO Speedwagon
Woman in Love,Barbra Streisand
The Spirit Of Radio,Rush
Baggy Trousers,Madness
Hungry Heart,Bruce Springsteen
Guilty (feat. Barry Gibb),Barbra Streisand
Biko,Peter Gabriel
Food For Thought,UB40
Late in the Evening,Paul Simon
Enola Gay - Remastered,Orchestral Manoeuvres In The Dark
Master Blaster (Jammin'),Stevie Wonder
Don't Stand So Close To Me,The Police
Wish You Were Here,Pink Floyd
In The Air Tonight - 2015 Remastered,Phil Collins
Don't Stop Believin',Journey
The Day Before You Came,ABBA
Golden Brown,The Stranglers
Every Little Thing She Does Is Magic,The Police
Start Me Up - Remastered,The Rolling Stones
One Of Us,ABBA
Waiting On A Friend - Remastered 2009,The Rolling Stones
Tainted Love,Soft Cell
Memory,Barbra Streisand
Everytime I Think of You - 2000 Remaster,The Babys
Don't You Want Me,The Human League
I'll Find My Way Home - Remastered,Jon & Vangelis
Je Loog Tegen Mij,Drukwerk
Africa,TOTO
Telegraph Road,Dire Straits
Under Pressure - Remastered,Queen
Old and Wise,The Alan Parsons Project
Private Investigations,Dire Straits
Billie Jean,Michael Jackson
Run to the Hills - 2015 Remaster,Iron Maiden
Twilight Zone,Golden Earring
Eye In The Sky,The Alan Parsons Project
Rosanna,TOTO
Is She Really Going Out With Him? - Live,Joe Jackson
Bloedend Hart,De Dijk
Belgie ... (Is Er Leven Op Pluto ...),Het Goede Doel
1999,Prince
Islands In the Stream,Dolly Parton
Real Men,Joe Jackson
Come On Eileen,Dexys Midnight Runners
Kristallnaach,BAP
State of Independence,Donna Summer
You Can't Hurry Love - 2016 Remaster,Phil Collins
Burning Heart,Vandenberg
Always On My Mind,Willie Nelson
Sexual Healing,Marvin Gaye
Vriendschap,Het Goede Doel
Human Nature,Michael Jackson
Save a Prayer - 2009 Remaster,Duran Duran
Should I Stay or Should I Go - Remastered,The Clash
P.Y.T. (Pretty Young Thing),Michael Jackson
Wanna Be Startin' Somethin',Michael Jackson
It's Raining Again,Supertramp
Steppin' Out,Joe Jackson
A Slow Song,Joe Jackson
Sunday Bloody Sunday - Remastered 2008,U2
Every Breath You Take,The Police
Mama - 2007 Remaster,Genesis
99 Luftballons,Nena
Sweet Dreams (Are Made of This) - Remastered,Eurythmics
I'm Still Standing,Elton John
Let's Dance - 2018 Remaster,David Bowie
China Girl - 2002 Remaster,David Bowie
Owner of a Lonely Heart,Yes
Waterfront - 2002 Remaster,Simple Minds
Our House,Madness
Just Can't Get Enough (Live in Hammersmith) - 2018 Remaster,Depeche Mode
Message To My Girl,Split Enz
Hello,Lionel Richie
Pride and Joy,Stevie Ray Vaughan
Uptown Girl,Billy Joel
I Heard It Through The Grapevine,Marvin Gaye
Nescio,Nits
Uncertain Smile,The The
Home by the Sea - 2007 Remaster,Genesis
Theme from Harry's Game,Clannad
Nur geträumt,Nena
Gloria - Live,U2
Here Comes the Rain Again - Remastered Version,Eurythmics
Girls Just Want to Have Fun,Cyndi Lauper
Club Tropicana,Wham!
Papa Can You Hear Me?,Barbra Streisand
Karma Chameleon - Remastered,Culture Club
Buffalo Soldier,Bob Marley & The Wailers
Beast of Burden,Bette Midler
Purple Rain,Prince
When The Lady Smiles,Golden Earring
Hallelujah,Leonard Cohen
Summer Of '69,Bryan Adams
Radio Ga Ga - 2011 Mix,Queen
The Unforgettable Fire - Remastered 2009,U2
Bad - Remastered 2009,U2
I'm On Fire,Bruce Springsteen
Pride (In The Name Of Love) - Remastered 2009,U2
Fade To Black (Remastered),Metallica
Dancing In the Dark,Bruce Springsteen
Forever Young,Alphaville
When Doves Cry,Prince
I Want to Know What Love Is - 1999 Remaster,Foreigner
Born in the U.S.A.,Bruce Springsteen
Vienna,Ultravox
My Hometown,Bruce Springsteen
Slippery People - Live,Talking Heads
The Power Of Love,Frankie Goes To Hollywood
The Boys Of Summer,Don Henley
Private Dancer - 2015 Remaster,Tina Turner
Easy Lover,Philip Bailey
Be My Number Two,Joe Jackson
Tinseltown in the Rain,The Blue Nile
Glory Days,Bruce Springsteen
It's My Life - 1997 Remaster,Talk Talk
Heaven,Bryan Adams
Smalltown Boy,Bronski Beat
I Would Die 4 U,Prince
Thank God It's Christmas - 2011 Remaster,Queen
Let's Go Crazy,Prince
Wake Me up Before You Go-Go,Wham!
You'll Never Walk Alone,Lee Towers
Run To You,Bryan Adams
Perhaps Love,John Denver
Don't Answer Me,The Alan Parsons Project
Nightporter,Japan
Big in Japan,Alphaville
Relax,Frankie Goes To Hollywood
Two Tribes,Frankie Goes To Hollywood
Dancing with Tears in My Eyes,Ultravox
That Was Yesterday,Foreigner
How Soon Is Now? - 2011 Remaster,The Smiths
No Surrender,Bruce Springsteen
Brothers in Arms,Dire Straits
Jeanny,Falco
Money for Nothing,Dire Straits
Kronenburg Park,Frank Boeijen Groep
Walk of Life,Dire Straits
Take on Me,a-ha
Groot Hart,De Dijk
Alive And Kicking,Simple Minds
Holding Back the Years - 2008 Remaster,Simply Red
Running Up That Hill (A Deal With God),Kate Bush
Cloudbusting,Kate Bush
Binnen Zonder Kloppen,De Dijk
Nikita,Elton John
Everybody Wants To Rule The World,Tears For Fears
Eye of the Tiger,Survivor
Russians,Sting
Dancing in the Street - 2002 Remaster,David Bowie
Raspberry Beret,Prince
Your Latest Trick,Dire Straits
Road to Nowhere,Talking Heads
Why Worry,Dire Straits
Close to Me - Remastered,The Cure
So Far Away,Dire Straits
Broken Wings,Mr. Mister
Shout,Tears For Fears
Josephine,Chris Rea
Greatest Love of All,Whitney Houston
In Between Days - 2006 Remaster,The Cure
I Got You Babe,UB40
Moon Over Bourbon Street,Sting
We Are The World,U.S.A. For Africa
Out In The Fields,Gary Moore
Hunting High and Low,a-ha
Take Me Home - 2016 Remaster,Phil Collins
Master of Puppets (Remastered),Metallica
Angel Of Death,Slayer
Livin' On A Prayer,Bon Jovi
Graceland,Paul Simon
Don't Give Up - 2012 Remaster,Peter Gabriel
Sometimes It Snows in April,Prince
A Kind Of Magic - Remastered 2011,Queen
The Final Countdown,Europe
De Verzoening,Frank Boeijen Groep
I Want You,Elvis Costello & The Attractions
You Can Call Me Al,Paul Simon
Don't Dream It's Over,Crowded House
Land of Confusion - 2007 Remaster,Genesis
Life's What You Make It - 1997 Remaster,Talk Talk
There Is a Light That Never Goes Out - 2011 Remaster,The Smiths
You Give Love A Bad Name,Bon Jovi
The Lady In Red,Chris de Burgh
One Vision - Remastered 2011,Queen
Diamonds on the Soles of Her Shoes,Paul Simon
Absolute Beginners - 2002 Remaster,David Bowie
Friends Will Be Friends - Remastered 2011,Queen
Kiss,Prince
In A Lifetime,Clannad
Wanted Dead Or Alive,Bon Jovi
True Colors,Cyndi Lauper
Bigmouth Strikes Again - 2011 Remaster,The Smiths
Anne,Herman van Veen
You Can Leave Your Hat On,Joe Cocker
Living in Another World - 1997 Remaster,Talk Talk
"Fire - Live at the Winterland, San Francisco, CA - December 1978",Bruce Springsteen
Sledgehammer - 2012 Remaster,Peter Gabriel
Don't Leave Me This Way (with Sarah Jane Morris),The Communards
The Way It Is,Bruce Hornsby
Walk This Way (feat. Aerosmith),Run–D.M.C.
I'll Be Over You,TOTO
Why Can't This Be Love,Van Halen
In Your Eyes - 2012 Remaster,Peter Gabriel
Fight For Your Right,Beastie Boys
Homeless (with Ladysmith Black Mambazo),Paul Simon
Live to Tell,Madonna
West End Girls - 2001 Remaster,Pet Shop Boys
Invisible Touch - 2007 Remaster,Genesis
Over De Muur,Klein Orkest
Sweet Child O' Mine,Guns N' Roses
With Or Without You - Remastered,U2
Where The Streets Have No Name - Remastered,U2
I Still Haven't Found What I'm Looking For,U2
Paradise City,Guns N' Roses
Fragile,Sting
Englishman In New York,Sting
Troy,Sinéad O'Connor
Welcome To The Jungle,Guns N' Roses
Tougher Than the Rest,Bruce Springsteen
Smooth Criminal - 2012 Remaster,Michael Jackson
Patience,Guns N' Roses
Everywhere - 2017 Remaster,Fleetwood Mac
I Will Follow - Live,U2
Alone,Heart
Sign 'O' the Times,Prince
In the Dutch Mountains,Nits
Never Tear Us Apart,INXS
Here I Go Again - 2018 Remaster,Whitesnake
Liefde Van Later,Herman van Veen
Unchain My Heart,Joe Cocker
"Non, je ne regrette rien",Édith Piaf
Never Gonna Give You Up,Rick Astley
Running To Stand Still,U2
I Wanna Dance with Somebody (Who Loves Me),Whitney Houston
Have A Little Faith In Me,John Hiatt
Suzanne,Herman van Veen
The Way You Make Me Feel - 2012 Remaster,Michael Jackson
The One I Love - Remastered,R.E.M.
Bad - 2012 Remaster,Michael Jackson
Apache,The Shadows
The Cross,Prince
Luka,Suzanne Vega
Seven Wonders - 2017 Remaster,Fleetwood Mac
Lessons In Love,Level 42
Brilliant Disguise,Bruce Springsteen
It's a Sin - 2001 Remaster,Pet Shop Boys
Bullet The Blue Sky,U2
Wonderful Life,Black
It's The End Of The World As We Know It (And I Feel Fine),R.E.M.
Is This Love - 2018 Remaster,Whitesnake
Laat Mij Maar Alleen,Klein Orkest
You Win Again,Bee Gees
Liberian Girl - 2012 Remastered Version,Michael Jackson
Winter in Hamburg,Frank Boeijen Groep
One (Remastered),Metallica
Fast Car,Tracy Chapman
Dreams,Fleetwood Mac
Sara,Fleetwood Mac
Stop Loving You,TOTO
Can I Play with Madness - 2015 Remaster,Iron Maiden
Tonight (With David Bowie) - Live,Tina Turner
Tusk,Fleetwood Mac
Maid Of Orleans,Orchestral Manoeuvres In The Dark
Like The Way I Do,Melissa Etheridge
Little Lies,Fleetwood Mac
Zwart Wit,Frank Boeijen Groep
All I Want Is You,U2
Take This Waltz,Leonard Cohen
Musica è,Eros Ramazzotti
When Love Comes To Town,U2
Ich bin wie du,Marianne Rosenberg
Pamela,TOTO
Orinoco Flow,Enya
Listen to Your Heart,Roxette
Fairytale of New York (feat. Kirsty MacColl),The Pogues
Living Years,Mike & The Mechanics
Mushanga,TOTO
Baby Can I Hold You,Tracy Chapman
Big Love,Fleetwood Mac
Angel Of Harlem,U2
Handle With Care,Traveling Wilburys
(Something Inside) So Strong,Labi Siffre
Into Temptation,Crowded House
Twist in My Sobriety,Tanita Tikaram
Sympathy For The Devil,The Rolling Stones
Another Day in Paradise - 2016 Remaster,Phil Collins
Niemand In De Stad,De Dijk
Rockin' in the Free World,Neil Young
Poison,Alice Cooper
I Want It All - Remastered 2011,Queen
Ik Kan Het Niet Alleen,De Dijk
Leningrad,Billy Joel
Have I Told You Lately,Van Morrison
Lullaby,The Cure
The Best,Tina Turner
Breakthru - Remastered 2011,Queen
Need Your Love So Bad,Fleetwood Mac
Daar Gaat Ze,Clouseau
Personal Jesus - Original Seven Inch Version,Depeche Mode
Kingston Town,UB40
Woman In Chains,Tears For Fears
Nergens Goed Voor,De Dijk
I Wish It Would Rain Down - 2016 Remaster,Phil Collins
If You Don't Know Me by Now - 2008 Remaster,Simply Red
Free Fallin',Tom Petty
Let Love Rule,Lenny Kravitz
Epic,Faith No More
Black Velvet,Alannah Myles
We Didn't Start the Fire,Billy Joel
Sowing The Seeds Of Love,Tears For Fears
New York Minute,Don Henley
Something Happened on the Way to Heaven - 2016 Remaster,Phil Collins
Lovesong,The Cure
Monkey Gone to Heaven,Pixies
The Miracle - Remastered 2011,Queen
The Invisible Man - Remastered 2011,Queen
If I Could Turn Back Time,Cher
Love Shack,The B-52's
Thunderstruck,AC/DC
Papa,Stef Bos
Enjoy the Silence - Single Mix,Depeche Mode
Still Got The Blues,Gary Moore
Wind Of Change,Scorpions
Nothing Compares 2 U,Sinéad O'Connor
Silent Lucidity - Remastered/2003,Queensrÿche
Such a Shame,Talk Talk
Hunger Strike,Temple Of The Dog
Candy,Iggy Pop
Send Me An Angel,Scorpions
Don't Go Breaking My Heart,Elton John
"Night Fever - From ""Saturday Night Fever"" Soundtrack",Bee Gees
More Than Words,Extreme
"It Must Have Been Love - From the Film ""Pretty Woman""",Roxette
Domino,Clouseau
Met Hart En Ziel,Tröckener Kecks
Love Rears Its Ugly Head,Living Colour
Hard To Handle,The Black Crowes
Black,Pearl Jam
De Boer Is De Keerl,Normaal
November Rain,Guns N' Roses
Nothing Else Matters,Metallica
Smells Like Teen Spirit,Nirvana
Innuendo - Remastered 2011,Queen
Alive,Pearl Jam
Enter Sandman,Metallica
Who Wants To Live Forever - Remastered 2011,Queen
Under the Bridge,Red Hot Chili Peppers
Deurdonderen,Normaal
The Show Must Go On - 2011 Mix,Queen
Losing My Religion,R.E.M.
Come As You Are,Nirvana
Jeremy,Pearl Jam
One,U2
Knockin' On Heaven's Door,Guns N' Roses
The Unforgiven,Metallica
These Are The Days Of Our Lives - 2011 Remaster,Queen
Lithium,Nirvana
Lekker Op De Trekker ('n Boerinnen-Wervingslied),Mannenkoor Karrespoor
Estranged,Guns N' Roses
Even Flow,Pearl Jam
Hammer To Fall - Remastered 2011,Queen
Sad But True,Metallica
Year of the Cat - 2001 Remaster,Al Stewart
Don't Cry (Original),Guns N' Roses
(Everything I Do) I Do It For You,Bryan Adams
No More Tears,Ozzy Osbourne
You,Ten Sharp
Heal the World,Michael Jackson
Bestel Mar (edit),Rowwen Hèze
On Every Street,Dire Straits
Give It Away,Red Hot Chili Peppers
Four Seasons In One Day,Crowded House
Walking in Memphis,Marc Cohn
Learning To Fly,Tom Petty and the Heartbreakers
Live And Let Die,Guns N' Roses
In Bloom - Nevermind Version,Nirvana
Weather With You,Crowded House
Shiny Happy People,R.E.M.
Stars,Simply Red
I'm Going Slightly Mad - Remastered 2011,Queen
On the Border - 2001 Remaster,Al Stewart
Diamonds and Pearls,Prince
I Can't Dance - 2007 Remaster,Genesis
No Son of Mine - 2007 Remaster,Genesis
I Can't Make You Love Me,Bonnie Raitt
Love of the Common People,Paul Young
Mysterious Ways,U2
We Don't Need Another Hero (Thunderdome),Tina Turner
Calling Elvis,Dire Straits
Killing In The Name,Rage Against The Machine
Fear of the Dark - 2015 Remaster,Iron Maiden
Bed Of Roses,Bon Jovi
Everybody Hurts,R.E.M.
Kayleigh,Marillion
"Layla - Acoustic; Live at MTV Unplugged, Bray Film Studios, Windsor, England, UK, 1/16/1992; 2013 Remaster",Eric Clapton
I Will Always Love You,Whitney Houston
Nightswimming,R.E.M.
Conquest of Paradise,Vangelis
Would?,Alice In Chains
Friday I'm in Love,The Cure
Sharp Dressed Man,ZZ Top
Man On The Moon,R.E.M.
Gimme All Your Lovin',ZZ Top
What's Up?,4 Non Blondes
Lavender,Marillion
Plush - 2017 Remaster,Stone Temple Pilots
Eloise,Barry Ryan
Harvest Moon,Neil Young
Drive,R.E.M.
Remedy,The Black Crowes
I've Got Dreams to Remember,Otis Redding
Jump Around,House Of Pain
Human Touch,Bruce Springsteen
Vlieg Met Me Mee - Live,Paul de Leeuw
In These Arms,Bon Jovi
Out Of Space,The Prodigy
Find The River,R.E.M.
I Have Nothing,Whitney Houston
Rosalyn,Vitesse
Rooster,Alice In Chains
Why,Annie Lennox
Rhythm Is A Dancer,SNAP!
Keep The Faith,Bon Jovi
No Rain,Blind Melon
Creep,Radiohead
Proud Mary,Tina Turner
Fields Of Gold,Sting
Eagle - Short Version,ABBA
Linger,The Cranberries
Alles Geprobeerd,Het Goede Doel
I'd Do Anything For Love (But I Won't Do That) - Single Edit,Meat Loaf
Shape Of My Heart,Sting
I Will Survive - Single Version,Gloria Gaynor
Ordinary World,Duran Duran
Disarm - Remastered,The Smashing Pumpkins
Mr. Jones,Counting Crows
Heart-Shaped Box,Nirvana
Daughter (Remastered),Pearl Jam
In-A-Gadda-Da-Vida - Single Version,Iron Butterfly
Gaia,Valensia
Mull Of Kintyre - 1993 Digital Remaster,Wings
Cose della vita,Eros Ramazzotti
Are You Gonna Go My Way,Lenny Kravitz
What's Love Got to Do with It,Tina Turner
Rearviewmirror (Remastered),Pearl Jam
La solitudine,Laura Pausini
Up Where We Belong,Joe Cocker
Rape Me,Nirvana
Round Here,Counting Crows
I Want You Back,The Jackson 5
Younger Days,The Fatal Flowers
All Apologies,Nirvana
Zombie,The Cranberries
Hallelujah,Jeff Buckley
Oude Maasweg,The Amazing Stroopwafels
Lightning Crashes,Live
Black Hole Sun,Soundgarden
The Man Who Sold The World,Nirvana
Basket Case,Green Day
Where Did You Sleep Last Night,Nirvana
High Hopes,Pink Floyd
Kiss from a Rose,Seal
Always,Bon Jovi
All I Want for Christmas Is You,Mariah Carey
I Alone,Live
Sabotage,Beastie Boys
Smooth Operator - Single Version,Sade
Glory Box,Portishead
Dromen Zijn Bedrog,Marco Borsato
Ode To My Family,The Cranberries
No Good (Start the Dance) [Remastered],The Prodigy
When I Come Around,Green Day
Live Forever - Remastered,Oasis
Mmm Mmm Mmm Mmm,Crash Test Dummies
Annabel,Hans De Booij
Polly,Nirvana
Grace,Jeff Buckley
Stil In Mij,Van Dik Hout
Wonderwall - Remastered,Oasis
Don't Look Back In Anger - Remastered,Oasis
Streets of Philadelphia - Single Edit,Bruce Springsteen
Earth Song,Michael Jackson
Street Spirit (Fade Out),Radiohead
Man in the Mirror,Michael Jackson
Aan De Kust,BLØF
Beat It,Michael Jackson
Margherita,Marco Borsato
Vivo per lei,Andrea Bocelli
Circle Of Life,Elton John
They Don't Care About Us,Michael Jackson
Champagne Supernova - Remastered,Oasis
You Do Something To Me,Paul Weller
Lemon Tree,Fools Garden
Weak,Skunk Anansie
Ik Leef Niet Meer Voor Jou,Marco Borsato
Gangsta's Paradise,Coolio
Con Te Partirò,Andrea Bocelli
Don't Speak,No Doubt
Heaven For Everyone - Remastered 2011,Queen
Fake Plastic Trees,Radiohead
Too Much Love Will Kill You - 2011 Remaster,Queen
1979 - Remastered 2012,The Smashing Pumpkins
Avalon,Roxy Music
You Don't Fool Me - Remastered 2011,Queen
Can You Feel The Love Tonight,Elton John
Dear Mama,2Pac
Diane,Therapy?
Stranger in Moscow,Michael Jackson
An American Trilogy,Elvis Presley
Secret Garden,Bruce Springsteen
"Tonight, Tonight - Remastered 2012",The Smashing Pumpkins
Bullet With Butterfly Wings - Remastered 2012,The Smashing Pumpkins
A Winter's Tale - 2011 Remaster,Queen
Gold,Prince
High And Dry,Radiohead
Fairground,Simply Red
Avond,Boudewijn de Groot
She - Tous les visages de l’amour,Charles Aznavour
Insomnia,Faithless
Jesus to a Child,George Michael
Down Under,Men At Work
Jump,Van Halen
Het Is Een Nacht... (Levensecht),Guus Meeuwis
Where the Wild Roses Grow - 2011 - Remaster,Nick Cave & The Bad Seeds
Beautiful Noise,Neil Diamond
Yesterday When I Was Young,Charles Aznavour
De Waarheid,Marco Borsato
Wereld Zonder Jou,Marco Borsato
Wannabe,Spice Girls
Hedonism (Just Because You Feel Good),Skunk Anansie
Killing Me Softly With His Song,Fugees
You Have Been Loved,George Michael
Children,Robert Miles
No Diggity,Blackstreet
"Casser la voix - Live ""Si Ce Soir""",Patrick Bruel
Beautiful Goodbye,Amanda Marshall
Ain't Nobody,Chaka Khan
A Long December,Counting Crows
Novocaine For The Soul,Eels
Per Spoor (Kedeng Kedeng),Guus Meeuwis
Bitter Sweet Symphony,The Verve
Zeg Me Dat Het Niet Zo Is,Frank Boeijen
Du hast,Rammstein
"Take Me Home, Country Roads",John Denver
Karma Police,Radiohead
Everlong,Foo Fighters
Op Fietse,Skik
Paranoid Android,Radiohead
Lopen Tot De Zon Komt,Acda en de Munnik
Into My Arms - 2011 Remastered Version,Nick Cave & The Bad Seeds
Engel,Rammstein
k Heb Je Lief,Paul de Leeuw
Chan Chan,Buena Vista Social Club
Firestarter,The Prodigy
The Unforgiven II,Metallica
Smack My Bitch Up,The Prodigy
You'll Never Walk Alone,Gerry & The Pacemakers
Good Riddance (Time of Your Life),Green Day
Candle In The Wind 1997,Elton John
No Surprises,Radiohead
Als Het Vuur Gedoofd Is,Acda en de Munnik
Little Green Bag,George Baker Selection
Beds Are Burning - Remastered,Midnight Oil
"My Heart Will Go On - Love Theme from ""Titanic""",Céline Dion
t Dondert En 't Bliksemt,Guus Meeuwis
Breathe,The Prodigy
The Memory Remains,Metallica
N'oubliez Jamais,Joe Cocker
Tell Him,Barbra Streisand
Mooi Liedje,Acda en de Munnik
Can't Stand Losing You,The Police
Songbird,Eva Cassidy
Hier Komt De Storm,Frank Boeijen Groep
The Drugs Don't Work,The Verve
Around the World,Daft Punk
Somebody to Love,George Michael
Nobody's Wife,Anouk
Als Ze Er Niet Is,De Dijk
Careless Whisper,George Michael
Whiskey In The Jar,Metallica
Don't Let the Sun Go Down on Me,George Michael
The Whole of the Moon,The Waterboys
Liefs Uit Londen,BLØF
Narcotic - Long Version,Liquido
New Year's Day,U2
Cowboys and Angels,George Michael
Zelfs Je Naam Is Mooi,Henk Westbroek
Toen Ik Je Zag - Single Version,Hero
"I Don't Want to Miss a Thing - From ""Armageddon"" Soundtrack",Aerosmith
Fields Of Gold,Eva Cassidy
A Different Corner,George Michael
Teardrop,Massive Attack
Faith,George Michael
Father Figure,George Michael
Niet Of Nooit Geweest,Acda en de Munnik
Is Dit Nu Later,Stef Bos
De Bestemming,Marco Borsato
Freak On a Leash,Korn
Onderuit,De Dijk
Non non rien n'a changé,Les Poppys
I'm Not so Tough,Ilse DeLange
Killer / Papa Was a Rollin' Stone,George Michael
I Knew You Were Waiting (For Me),George Michael
If You Tolerate This Your Children Will Be Next,Manic Street Preachers
Praying for Time,George Michael
Hilversum 3,Herman van Veen
The Reflex,Duran Duran
World of Hurt,Ilse DeLange
As,George Michael
Pure Morning,Placebo
She's The One,Robbie Williams
Ik Heb Je Lief,Stef Bos
Pretty Fly (For A White Guy),The Offspring
I Can't Make You Love Me,George Michael
Praise You,Fatboy Slim
Sacrifice,Anouk
Toveren,Herman van Veen
Kissing a Fool,George Michael
Hijo de la Luna,Mecano
"Slaap Zacht , Elisabeth",Acda en de Munnik
Angels,Robbie Williams
Tears in Heaven,Eric Clapton
Californication,Red Hot Chili Peppers
Harder Dan Ik Hebben Kan,BLØF
Learn to Fly,Foo Fighters
Total Eclipse of the Heart,Bonnie Tyler
Scar Tissue,Red Hot Chili Peppers
Otherside,Red Hot Chili Peppers
"You'll Be In My Heart - From ""Tarzan""/Soundtrack Version",Phil Collins
Let Me Entertain You,Robbie Williams
Road Trippin',Red Hot Chili Peppers
Jesus He Knows Me,Genesis
The Family Tree,Venice
Porcelain,Moby
Unintended,Muse
LA Song,Beth Hart
The Dolphin's Cry,Live
All Star,Smash Mouth
Why Does My Heart Feel So Bad?,Moby
Il Volo,Zucchero
The Next Episode,Dr. Dre
Geen Kind Meer,Karin Bloemen
All The Small Things,blink-182
Run To The Water,Live
Hart Van Mijn Gevoel,De Kast
Smooth (feat. Rob Thomas),Santana
My Name Is,Eminem
Desert Rose,Sting
Hey Boy Hey Girl,The Chemical Brothers
At Last,Etta James
Can't Help Falling in Love,Elvis Presley
Fly Me To The Moon (In Other Words),Frank Sinatra
Stand by Me,Ben E. King
"Oh, Pretty Woman",Roy Orbison
Ring of Fire,Johnny Cash
Blowin' in the Wind,Bob Dylan
In Dreams,Roy Orbison
Twist And Shout - Remastered 2009,The Beatles
Are You Lonesome Tonight,Elvis Presley
I Saw Her Standing There - Remastered 2009,The Beatles
"Don't Think Twice, It's All Right",Bob Dylan
The Sound of Silence - Acoustic Version,Simon & Garfunkel
House Of The Rising Sun,The Animals
Folsom Prison Blues,Johnny Cash
The Times They Are A-Changin',Bob Dylan
A Change Is Gonna Come,Sam Cooke
A Hard Day's Night - Remastered 2009,The Beatles
Nathalie,Gilbert Bécaud
Eight Days A Week - Remastered 2009,The Beatles
It's All Over Now - Mono Version,The Rolling Stones
Yesterday - Remastered 2009,The Beatles
(I Can't Get No) Satisfaction - Mono Version,The Rolling Stones
Like a Rolling Stone,Bob Dylan
Norwegian Wood (This Bird Has Flown) - Remastered 2009,The Beatles
Help! - Remastered 2009,The Beatles
Unchained Melody,The Righteous Brothers
Michelle - Remastered 2009,The Beatles
Feeling Good,Nina Simone
My Generation - Stereo Version,The Who
In My Life - Remastered 2009,The Beatles
As Tears Go By - Mono Version,The Rolling Stones
It Was A Very Good Year,Frank Sinatra
Time Is On My Side - Mono Version,The Rolling Stones
Little Red Rooster - Mono Version,The Rolling Stones
Mr. Tambourine Man,The Byrds
"Paint It, Black",The Rolling Stones
God Only Knows - Remastered,The Beach Boys
California Dreamin' - Single Version,The Mamas & The Papas
Eleanor Rigby - Remastered 2009,The Beatles
River Deep - Mountain High,Ike & Tina Turner
That's Life,Frank Sinatra
Jumpin' Jack Flash - Mono,The Rolling Stones
Scarborough Fair / Canticle,Simon & Garfunkel
Sloop John B - Remastered,The Beach Boys
Homeward Bound,Simon & Garfunkel
Under My Thumb,The Rolling Stones
I Want You,Bob Dylan
When a Man Loves a Woman,Percy Sledge
Sunny Afternoon - Mono Mix,The Kinks
How Can We Hang On To A Dream,Tim Hardin
"Monday, Monday - Single Version",The Mamas & The Papas
For No One - Remastered 2009,The Beatles
"It's A Man's, Man's, Man's World",James Brown & The Famous Flames
Try a Little Tenderness,Otis Redding
Wouldn't It Be Nice - Stereo Mix,The Beach Boys
Nights In White Satin - Single Version / Mono Mix,The Moody Blues
The End,The Doors
A Day In The Life - Remastered 2009,The Beatles
Brown Eyed Girl,Van Morrison
Respect,Aretha Franklin
White Rabbit,Jefferson Airplane
Penny Lane,The Beatles
Suzanne,Leonard Cohen
Hey Joe,Jimi Hendrix
Good Vibrations - Remastered,The Beach Boys
Light My Fire,The Doors
Strawberry Fields Forever - Remastered 2009,The Beatles
"So Long, Marianne",Leonard Cohen
Little Wing,Jimi Hendrix
The Fool On The Hill - Remastered 2009,The Beatles
People Are Strange,The Doors
The Wind Cries Mary,Jimi Hendrix
Sgt. Pepper's Lonely Hearts Club Band - Remastered 2009,The Beatles
Lucy In The Sky With Diamonds - Remastered 2009,The Beatles
Purple Haze,Jimi Hendrix
Ruby Tuesday,The Rolling Stones
All You Need Is Love - Remastered 2009,The Beatles
"He Ain't Heavy, He's My Brother",The Hollies
When I'm Sixty Four - Remastered 2009,The Beatles
Somebody Will Know Someday,Cuby & The Blizzards
I Am The Walrus - Remastered 2009,The Beatles
Guitar Man,Elvis Presley
Ain't No Mountain High Enough,Marvin Gaye
San Francisco (Be Sure to Wear Some Flowers In Your Hair),Scott McKenzie
She's Leaving Home - Remastered 2009,The Beatles
I'm a Believer - 2006 Remaster,The Monkees
Waterloo Sunset - Mono Mix,The Kinks
Sunshine Of Your Love,Cream
Break on Through (To the Other Side),The Doors
Somebody to Love,Jefferson Airplane
Green Green Grass Of Home,Tom Jones
To Love Somebody,Bee Gees
Pastorale - Remastered,Liesbeth List
(Sittin' On) the Dock of the Bay,Otis Redding
Blackbird - Remastered 2009,The Beatles
I Put A Spell On You,Creedence Clearwater Revival
While My Guitar Gently Weeps - Remastered 2009,The Beatles
All Along the Watchtower,Jimi Hendrix
"Window Of My Eyes - From ""The American"" Soundtrack",Cuby & The Blizzards
I Say a Little Prayer,Aretha Franklin
(You Make Me Feel Like) A Natural Woman,Aretha Franklin
White Room,Cream
"Mrs. Robinson - From ""The Graduate"" Soundtrack",Simon & Garfunkel
What A Wonderful World - Single Version,Louis Armstrong
Lea,The Cats
The Weight - Remastered,The Band
Ain't Got No - I Got Life - Remastered,Nina Simone
Voodoo Child (Slight Return),Jimi Hendrix
Suzie Q,Creedence Clearwater Revival
Born To Be Wild - Single Version,Steppenwolf
Words,Bee Gees
Massachussetts,Bee Gees
Times Were When,The Cats
I Started A Joke,Bee Gees
MacArthur Park,Richard Harris
I'd Rather Go Blind,Etta James
Daydream Believer,The Monkees
Back In The U.S.S.R. - Remastered 2009,The Beatles
"Girl, You'll Be A Woman Soon",Neil Diamond
Here Comes The Sun - Remastered 2009,The Beatles
Space Oddity - 2015 Remaster,David Bowie
Gimme Shelter,The Rolling Stones
Suspicious Minds,Elvis Presley
Whole Lotta Love - 1990 Remaster,Led Zeppelin
Sweet Caroline,Neil Diamond
Fortunate Son,Creedence Clearwater Revival
In the Ghetto,Elvis Presley
Bad Moon Rising,Creedence Clearwater Revival
You Can't Always Get What You Want,The Rolling Stones
With A Little Help From My Friends,Joe Cocker
My Way,Frank Sinatra
Come Together - Remastered 2009,The Beatles
Something - Remastered 2009,The Beatles
Albatross - 2018 Remaster,Fleetwood Mac
Just A Little Bit Of Peace In My Heart,Golden Earring
Venus,Shocking Blue
Son of a Preacher Man,Dusty Springfield
Pinball Wizard,The Who
Marian,The Cats
Proud Mary,Creedence Clearwater Revival
Beautiful People,Melanie
Oh Well (Pt. 1) - 2013 Remaster,Fleetwood Mac
Born On The Bayou,Creedence Clearwater Revival
Scarlet Ribbons,The Cats
The Thrill Is Gone,B.B. King
Dazed and Confused,Led Zeppelin
Overture,The Who
Streets of London,Ralph McTell
Down On The Corner,Creedence Clearwater Revival
Appleknockers Flophouse,Cuby & The Blizzards
The First Time Ever I Saw Your Face,Roberta Flack
Touch Me,The Doors
Summertime,Brainbox
Midnight Rambler,The Rolling Stones
Get Ready,Rare Earth
Black Magic Woman - 2018 Remaster,Fleetwood Mac
Suite: Judy Blue Eyes - Remastered,"Crosby, Stills & Nash"
Blue Suede Shoes,Elvis Presley
Jailhouse Rock,Elvis Presley
My Baby Just Cares for Me - 2013 Remastered Version,Nina Simone
Summertime,Louis Armstrong
Heartbreak Hotel,Elvis Presley
Hound Dog,Elvis Presley
Johnny B. Goode,Chuck Berry
Take Five,The Dave Brubeck Quartet
Blueberry Hill,Fats Domino
